idUsuario;Nombre;Apellido1;Apellido2;DNI
1;Alberto;Santos;Lila;00000000H
2;Pedro;Santos;Lila;00000000H
3;Pedro;Santos;Lila;00000000H
4;Alberto;Santos;Lila;00000000H
5;Pedro;Santos;Lila;00000000H
6;Pedro;Santos;Lila;00000000H
7;Pedro;Santos;Lila;00000000H
8;Pedro;Lopez;Moreno;00000000H
9;Pedro;Lopez;Moreno;00000000H
10;Pedro;Lopez;Moreno;00000000H
11;Pedro;Lopez;Moreno;00000000H
12;Pedro;Lopez;Moreno;00000000H
13;Pedro;Lopez;Moreno;00000000H
14;Pedro;Lopez;Moreno;00000000H
15;Pedro;Lopez;Moreno;00000000H
16;Pedro;Lopez;Moreno;00000000H
17;Pedro;Lopez;Moreno;00000000H
18;Pedro;Lopez;Moreno;00000000H
